naics_bea,Awarding Agency,Transaction Amount,agency_industry_ratio
11,Agency for International Development,30957000.0,0.0006547608629989373
11,Department of Agriculture,650192611.68,0.0236236988535201
11,Department of Defense,17833803.29,3.899651746734942e-06
11,Department of Health and Human Services,53626595.67,0.00021841155572236708
11,Department of the Interior,48020122.44,0.0019598596752272114
211,Department of Defense,292096174.57,6.387158918676707e-05
211,Department of Energy,11033567.21,2.054764246253051e-05
211,Department of Health and Human Services,29050000.0,0.00011831546669079775
211,General Services Administration,12369144.0,0.00011005636522507955
212,Department of Defense,665445586.26,0.00014551052294442272
212,Department of Energy,68824452.0,0.00012817071808778993
213,Department of Defense,125417056.73,2.742448351562477e-05
213,Department of Energy,55277073.0,0.00010294164260401498
213,Department of the Interior,90558908.24,0.0036960079123900137
22,Agency for International Development,428375968.08,0.009060432811579481
22,Department of Commerce,75120657.84,0.0038045078740761838
22,Department of Defense,6793136009.8,0.001485429903854491
22,Department of Energy,707565543.29,0.0013176884252947849
22,Department of Health and Human Services,422497268.74,0.0017207559905872804
22,Department of Homeland Security,16971000.0,0.0001195297554222259
22,Department of Justice,152867599.17000002,0.004812939764085361
22,Department of State,37267248.04,0.00045058802860408945
22,Department of Veterans Affairs,300274847.94,0.0008025228762606288
22,Department of the Interior,47684616.0,0.0019461665501553913
22,Department of the Treasury,9431257.7,0.0002069983361229287
22,General Services Administration,1157488589.47,0.010298933131231433
22,National Aeronautics and Space Administration,35671535.1,0.00023882942700509903
22,Smithsonian Institution,63261511.24,0.03854624279436637
22,Social Security Administration,70175709.24,0.005524055043684722
23,Agency for International Development,832754975.44,0.017613314157888468
23,Department of Agriculture,1085668613.02,0.03944601631574069
23,Department of Commerce,971550198.36,0.04920444636671859
23,Department of Defense,859990046488.4601,0.18805083988135585
23,Department of Energy,14543342330.08,0.02708384267037688
23,Department of Health and Human Services,6321820971.58,0.025747648832638904
23,Department of Homeland Security,13769817013.44,0.0969832573110181
23,Department of Housing and Urban Development,11643657.8,0.0009157162644046395
23,Department of Justice,3671594796.63,0.11559784212125813
23,Department of Labor,478623123.77,0.06698687251098971
23,Department of State,25476840164.16,0.30803345533614407
23,Department of Transportation,7085562555.99,0.1968135193878665
23,Department of Veterans Affairs,17483591748.53,0.04672713160511039
23,Department of the Interior,8624795678.81,0.3520063756416699
23,Department of the Treasury,13000000.0,0.0002853255053775143
23,District of Columbia Courts,35039019.0,0.5639620025756917
23,Environmental Protection Agency,138245967.81,0.0456226331528411
23,General Services Administration,17111358210.9,0.1522509470951243
23,National Aeronautics and Space Administration,2990147985.94,0.020019753232949626
23,National Archives and Records Administration,34887459.0,0.06381398878057713
23,National Gallery of Art,153275767.0,1.0
23,Smithsonian Institution,1270111198.19,0.7738989104376528
23,U.S. Agency for Global Media,8739533.0,0.19183992596518354
31,Department of Commerce,9645750.0,0.0004885118538835515
31,Department of Defense,3236040538.45,0.0007076130050928482
31,Department of Homeland Security,593929085.5,0.0041831476240623
31,General Services Administration,25756125.0,0.00022916909203925527
311,Department of Agriculture,17254772641.72,0.6269243072767591
311,Department of Defense,8673745660.32,0.001896655854332994
311,Department of Homeland Security,313939423.1,0.002211130897444918
311,Department of Veterans Affairs,674599598.57,0.001802953573643435
313,Department of Defense,229103125.71,5.00971323855752e-05
313,Department of Justice,82985759.0,0.0026127541840945405
313,Department of State,27434094.63,0.00033169807984216636
315,Department of Commerce,7250000.0,0.0003671783884773863
315,Department of Defense,11241250930.31,0.0024580827271123936
315,Department of Health and Human Services,641802000.0,0.0026139450310873453
315,Department of Homeland Security,643049752.22,0.004529113169947532
315,Department of Justice,60558007.44,0.0019066305981401978
315,Department of State,29351923.310000002,0.0003548860180337405
315,Department of the Interior,80351177.01,0.0032793967128198517
315,General Services Administration,193948558.73,0.0017256871950449173
321,Department of Defense,439444167.72,9.60916293835481e-05
321,Department of Homeland Security,1289505093.83,0.009082212508468232
322,Department of Defense,368253460.53,8.052462098212373e-05
322,Department of Homeland Security,32915623.59,0.00023183056020757465
322,Department of Veterans Affairs,19687956.0,5.2618576564793796e-05
322,Department of the Treasury,1253864454.0,0.027519962231727004
322,General Services Administration,9081366.0,8.08028537171707e-05
323,Department of Defense,7915142.9,1.730774996994019e-06
323,Department of Homeland Security,20815512.48,0.00014660733697028407
323,Department of the Treasury,31813050.8,0.0006982365228546567
324,Department of Defense,118307839131.78,0.025869937220928178
325,Agency for International Development,19267194.0,0.0004075137956199873
325,Department of Agriculture,622192452.16,0.022606358261719355
325,Department of Defense,81889014648.49,0.017906367689468176
325,Department of Energy,1688495307.98,0.0031444588343639934
325,Department of Health and Human Services,52219498171.16,0.21268069867401224
325,Department of Homeland Security,111517965.3,0.0007854407587940177
325,Department of Justice,31129637.64,0.000980096970532702
325,Department of State,45803376.55,0.0005537960066416345
325,Department of Veterans Affairs,88888248318.85,0.23756519467413542
325,Department of the Interior,126769996.4,0.005173901925874781
325,Department of the Treasury,63584633.8,0.0013955629056330136
325,General Services Administration,33616462.879999995,0.00029910765985880747
325,National Aeronautics and Space Administration,257612010.67000002,0.0017247737930389084
326,Department of Defense,1101706633.95,0.0002409061112545551
326,Department of Health and Human Services,23022790.0,9.376771577880314e-05
326,Department of Veterans Affairs,19847000.0,5.304364196473532e-05
326,Department of the Interior,16542075.649999999,0.0006751367002760388
326,General Services Administration,8694419.36,7.735993634678054e-05
327,Department of Defense,574659392.6899999,0.00012565864207652135
327,Department of Veterans Affairs,189769716.7,0.0005071838015006828
327,General Services Administration,42612172.84,0.00037914837575771254
331,Department of Defense,620994506.16,0.00013579056981174352
331,Department of Veterans Affairs,67198888.0,0.00017959760948759755
331,Department of the Treasury,17109535315.2,0.3755220623526053
332,Department of Agriculture,8957409.26,0.00032545300433237974
332,Department of Defense,122409778877.18,0.026766893200145473
332,Department of Energy,2688385992.76,0.005006539873200955
332,Department of Health and Human Services,18467800.76,7.521605733810911e-05
332,Department of Homeland Security,212063711.2,0.001493602235205088
332,Department of State,101721996.22,0.0012298926310106595
332,Department of Transportation,9429000.0,0.00026190646961960325
332,Department of Veterans Affairs,261687690.9,0.0006993937714857623
332,Department of the Treasury,2923267348.95,0.06416021028405733
332,General Services Administration,140651977.22,0.0012514726463329952
333,Department of Defense,32732412051.59,0.0071574753716951425
333,Department of Health and Human Services,7173966.36,2.921828495378601e-05
333,Department of Homeland Security,94931638.35,0.0006686203237173237
333,Department of Housing and Urban Development,14538489.95,0.001143380536921859
333,Department of State,237867293.05,0.00287598790578127
333,Department of Veterans Affairs,417468293.77,0.0011157373258610785
333,Department of the Interior,59839595.5,0.0024422513780320487
333,Department of the Treasury,926464165.92,0.0203341427965601
333,General Services Administration,407142073.49,0.003622609352636821
333,National Aeronautics and Space Administration,1172344982.0,0.007849128990901295
334,Agency for International Development,8752597.11,0.00018512317205238247
334,Department of Agriculture,82100260.75,0.0029829804290486617
334,Department of Commerce,611680501.03,0.030978739397411807
334,Department of Defense,255283729838.36,0.05582194817273727
334,Department of Energy,158368868.24,0.0002949279068007892
334,Department of Health and Human Services,1686718847.34,0.006869704908750311
334,Department of Homeland Security,7293019177.87,0.05136602431326404
334,Department of Housing and Urban Development,17096151.0,0.0013445279652084623
334,Department of Justice,942946439.77,0.029688072816037244
334,Department of Labor,78430260.98,0.01097689942744095
334,Department of State,868839437.76,0.010504898269213974
334,Department of Transportation,5900017953.22,0.16388300698060534
334,Department of Veterans Affairs,5363123167.4,0.014333631536471145
334,Department of the Interior,835002303.75,0.03407919973311606
334,Department of the Treasury,890489977.41,0.01954457714139381
334,General Services Administration,2131276947.93,0.018963365142905357
334,National Aeronautics and Space Administration,2733080908.37,0.01829862789685725
334,Office of Personnel Management,26699754.58,0.006843779352646061
334,Securities and Exchange Commission,30566354.91,0.024042819469284885
334,Small Business Administration,9527156.89,0.002942765870219185
334,Social Security Administration,1550804758.26,0.12207544375986729
334,U.S. Agency for Global Media,22623051.0,0.4965945467505611
335,Department of Defense,8377327638.25,0.0018318392227523845
335,Department of Homeland Security,58320729.81,0.0004107632178560497
335,Department of Justice,56373694.0,0.0017748901335151409
335,Department of State,19674629.0,0.00023788051870939403
335,Department of Veterans Affairs,48729486.44,0.00013023577527327982
335,Department of the Interior,55070463.0,0.0022476073413733714
335,General Services Administration,51443964.7,0.0004577306050967876
336,Department of Agriculture,65753216.68,0.0023890369739591358
336,Department of Commerce,1292589793.04,0.06546359133389593
336,Department of Defense,1756622638288.58,0.38411416949952254
336,Department of Energy,114375567.92,0.00021299986045664684
336,Department of Health and Human Services,541148997.27,0.0022040033101981852
336,Department of Homeland Security,16142249482.37,0.11369271890826933
336,Department of Justice,378517589.35,0.011917387118524657
336,Department of State,1638499705.72,0.01981064852109095
336,Department of Transportation,2872277939.79,0.07978239208576374
336,Department of Veterans Affairs,6727422.0,1.797989438775047e-05
336,Department of the Interior,15503943.14,0.0006327670864452206
336,Environmental Protection Agency,13038279.0,0.004302770121866543
336,General Services Administration,652408363.34,0.0058049039700438
336,National Aeronautics and Space Administration,44262512975.21,0.2963480708649167
337,Agency for International Development,49850093.18,0.0010543621808028632
337,Department of Agriculture,9999999.99,0.00036333385531490915
337,Department of Commerce,22797180.2,0.0011545699155399419
337,Department of Defense,503645280.27,0.00011013024899971938
337,Department of Health and Human Services,69879619.13,0.0002846072202940154
337,Department of Homeland Security,49763627.0,0.000350494028886505
337,Department of Justice,25600000.0,0.0008059998235699723
337,Department of Labor,18835140.23,0.002636118220480987
337,Department of State,8298483.2,0.00010033467406766309
337,Department of Transportation,7901459.34,0.00021947643658736245
337,Federal Communications Commission,20258205.75,0.029357072488302063
337,General Services Administration,50149867.42,0.0004462161750857487
337,National Science Foundation,7036429.12,0.0014408196204782266
337,Social Security Administration,9969422.97,0.0007847678610801145
339,Department of Defense,7233189707.81,0.0015816548169701422
339,Department of Health and Human Services,4275916693.58,0.017415045753249245
339,Department of Homeland Security,960198518.84,0.006762848041584395
339,Department of Justice,18520079.5,0.0005830930003711664
339,Department of State,388410275.89,0.00469616163541239
339,Department of Veterans Affairs,7141318034.84,0.01908608439544315
339,Department of the Interior,17115419.0,0.0006985367345664279
339,Department of the Treasury,21947357.52,0.0004817031443149992
339,General Services Administration,121286994.13,0.0010791697245196078
339,National Aeronautics and Space Administration,18262569.0,0.00012227225090492627
42,Agency for International Development,463697626.0,0.009807509053536147
42,Department of Agriculture,970770301.05,0.03527137164584252
42,Department of Commerce,43865469.19,0.002221579625791536
42,Department of Defense,41604123650.03,0.009097419704869695
42,Department of Energy,792530510.0,0.001475917375603403
42,Department of Health and Human Services,3672306189.71,0.014956647871498929
42,Department of Homeland Security,1786640266.27,0.012583623478566593
42,Department of Justice,454692843.90999997,0.014315716873827692
42,Department of Labor,8975996.74,0.001256257626136715
42,Department of State,236811529.98,0.0028632229653737114
42,Department of Transportation,156472022.67000002,0.004346275856584816
42,Department of Veterans Affairs,11209193160.49,0.02995800013697745
42,Department of the Treasury,6798642124.15,0.14921738461184278
42,Federal Communications Commission,18226370.0,0.026412648380205836
42,General Services Administration,135964874.06,0.0012097684235327284
42,Securities and Exchange Commission,7655992.53,0.006022034580144304
42,Social Security Administration,130347941.08000001,0.010260661547350156
44,Agency for International Development,112669529.45,0.0023830344780297248
44,Court Services and Offender Supervision Agency,35145691.0,1.0
44,Department of Agriculture,105791944.15,0.0038437794967716844
44,Department of Commerce,235002517.32,0.01190177180657747
44,Department of Defense,4650270482.37,0.0010168574316131817
44,Department of Health and Human Services,164235567.57999998,0.0006689021626662909
44,Department of Homeland Security,391386152.26,0.0027566019123966687
44,Department of Justice,966241463.36,0.030421501913834057
44,Department of Labor,20294510.2,0.0028403679219094
44,Department of State,161814881.64,0.001956459152516797
44,Department of Transportation,30000000.0,0.0008333008896582987
44,Department of Veterans Affairs,49067269.5,0.00013113854363607484
44,Department of the Interior,98934800.92,0.004037855735207909
44,Department of the Treasury,582350355.47,0.012781493037019451
44,Federal Trade Commission,16600000.0,0.270836179778075
44,General Services Administration,248773403.88,0.002213499705048587
44,National Archives and Records Administration,63327123.43,0.11583406931608986
44,National Science Foundation,26982042.54,0.005524997925682247
44,Nuclear Regulatory Commission,10085136.4,0.030357775333669203
44,Office of Personnel Management,69439957.15,0.01779910536510247
44,Social Security Administration,982707641.09,0.07735626985493264
441,Department of Defense,99512947.0,2.1760127735001594e-05
441,Department of Justice,23500000.0,0.000739882650542748
441,Department of State,164657105.59,0.0019908236992390894
441,Department of Transportation,53801000.0,0.0014944140388168708
441,Department of the Interior,8628800.0,0.0003521698052046983
445,Department of Defense,452401540.31,9.892497008109983e-05
48,Department of Agriculture,17560134.0,0.0006380191192446608
48,Department of Defense,75623109197.44,0.016536225340148637
48,Department of Energy,41426657.0,7.714822597739782e-05
48,Department of Health and Human Services,83889374.83,0.00034166645553909507
48,Department of Homeland Security,3325960223.95,0.023425326269094052
48,Department of Justice,161376028.06,0.005080822271280582
48,Department of State,3179036476.0,0.038436854179408626
48,Department of Transportation,2615467860.32,0.07264905649591143
48,Department of the Interior,8390000.0,0.00034242358910479084
48,General Services Administration,836770071.14,0.007445290681295297
48,National Aeronautics and Space Administration,153401579.54,0.0010270601262465802
48,Smithsonian Institution,11425000.0,0.006961433821188552
481,Agency for International Development,166539517.44,0.0035224200717912254
481,Department of Agriculture,499458498.38,0.018147018196767086
481,Department of Defense,47707320919.7,0.010431983258493848
481,Department of Energy,10774722.63,2.0065600183549017e-05
481,Department of Homeland Security,1126076337.46,0.00793115486437745
481,Department of State,754041097.76,0.00911690316820458
481,Department of the Interior,603586347.48,0.024634350827026582
481,National Aeronautics and Space Administration,4846748438.86,0.03245013564024588
483,Agency for International Development,98095167.3,0.0020747771553242607
483,Department of Defense,23233611566.6,0.005080407833109661
483,Department of Homeland Security,47138921.94,0.00033200776679957565
483,Department of Transportation,288510381.38,0.0080138652493203
484,Department of Defense,1812303855.27,0.0003962897750913863
484,Department of Energy,7609903.0,1.4171805277700239e-05
484,Department of Health and Human Services,36661976.39,0.00014931768834388498
484,Department of Homeland Security,16393446.67,0.00011546194514126473
484,Department of Justice,9879562.42,0.00031105177997923936
484,Department of Veterans Affairs,6909658.0,1.8466943369313706e-05
485,Department of Defense,77219671.85,1.6885339785092554e-05
485,Department of Transportation,755906913.96,0.020996596796724235
485,Department of Veterans Affairs,28557859.3,7.632452582196236e-05
485,Department of the Interior,7971725.0,0.0003253524059423586
486,Agency for International Development,33778663.0,0.0007144408869344663
486,Department of Defense,1260191468.84,0.00027556140340731424
49,Department of Defense,2958406666.54,0.0006469038340909618
49,Department of Health and Human Services,72000000.0,0.00029324315324397377
49,Department of Homeland Security,59267968.1,0.0004174347847130568
49,Department of Justice,133484632.15,0.0042026792953985415
49,Department of Veterans Affairs,459129259.6,0.0012270815771530416
49,Department of the Treasury,59980967.019999996,0.0013164692098471937
49,General Services Administration,84263632.0,0.0007497486534705797
493,Agency for International Development,10000000.0,0.00021150656168199028
493,Department of Agriculture,46718304.0,0.0016974341523068282
493,Department of Defense,7418768563.28,0.0016222346583041809
493,Department of Energy,69230000.03999999,0.00012892596396328043
493,Department of Health and Human Services,2397005071.63,0.0097625739659247
493,Department of Homeland Security,96754142.12,0.0006814565401974477
493,Department of Justice,22402891.58,0.00070534088519286
493,Department of the Treasury,663583603.6,0.014564409773646318
493,General Services Administration,1105704525.47,0.009838176440192595
51,Consumer Financial Protection Bureau,25376296.36,0.16024552670267891
51,Department of Agriculture,621587886.23,0.022584392334683494
51,Department of Commerce,2593270658.29,0.13133695740642937
51,Department of Defense,34915916450.15,0.00763493419544602
51,Department of Education,347788001.69,0.013388567720930231
51,Department of Energy,23809645.03,4.434033562534546e-05
51,Department of Health and Human Services,6038340027.21,0.024593081526921703
51,Department of Homeland Security,4940288099.51,0.03479532309526625
51,Department of Housing and Urban Development,532534067.83,0.04188117820342457
51,Department of Justice,1508796647.99,0.0475035090657385
51,Department of Labor,163884591.82,0.02293686976987223
51,Department of State,818521444.48,0.009896517275505673
51,Department of Transportation,5391725511.21,0.1497643221761546
51,Department of Veterans Affairs,4969168170.32,0.013280736498665438
51,Department of the Interior,419855471.95,0.017135687438665653
51,Department of the Treasury,1472049822.27,0.03230871996000522
51,Environmental Protection Agency,34568135.18,0.011407850623625076
51,General Services Administration,1993223822.05,0.017735016176937044
51,Government Accountability Office,8587638.28,0.03714897453619897
51,National Aeronautics and Space Administration,5410823563.06,0.03622675299979754
51,Office of Personnel Management,15305806.0,0.003923240521351871
51,Securities and Exchange Commission,35066627.56,0.02758263451118614
51,Small Business Administration,510052249.38,0.157545883712637
51,Social Security Administration,1202585886.99,0.09466453145164072
511,Agency for International Development,15200000.0,0.00032148997375662524
511,Department of Agriculture,257787058.67,0.009366276597052454
511,Department of Commerce,2286835413.71,0.11581745405780065
511,Department of Defense,13024691866.4,0.0028480611545138976
511,Department of Education,10209856.99,0.0003930422011897667
511,Department of Energy,121477546.15,0.0002262257652496549
511,Department of Health and Human Services,3610025534.46,0.014702989875226556
511,Department of Homeland Security,1460869449.46,0.010289161982072689
511,Department of Housing and Urban Development,35605400.97,0.0028001891956046425
511,Department of Justice,265642487.54,0.008363585862887834
511,Department of State,202930838.93,0.0024535808643101173
511,Department of Transportation,8882609.0,0.00024672953273956037
511,Department of Veterans Affairs,2570750401.19,0.0068706587323737614
511,Department of the Treasury,873765996.21,0.019177517265408117
511,Environmental Protection Agency,51295293.67,0.016927990035774353
511,General Services Administration,1464556203.63,0.013031114557269224
511,National Archives and Records Administration,7325479.94,0.013399316204241268
511,Office of Personnel Management,29689521.560000002,0.007610127427705672
511,Pension Benefit Guaranty Corporation,12191332.88,0.01727956040860184
511,Securities and Exchange Commission,30281377.28,0.023818662361541787
511,Small Business Administration,18065959.880000003,0.005580247156779328
511,Social Security Administration,1498239651.49,0.11793765097772989
511,U.S. Agency for Global Media,14193798.26,0.31156552728425546
512,Department of Defense,77467233.3,1.693947313092003e-05
512,Department of Justice,48315170.1,0.0015211726006387968
512,Department of Transportation,29246280.0,0.0008123650381065236
512,Department of the Interior,16047792.4,0.0006549633695848134
512,National Aeronautics and Space Administration,11977840.33,8.019449498747437e-05
513,Department of Defense,1147041454.78,0.0002508193087011568
513,Department of Energy,10900000.0,2.0298902302293816e-05
513,Department of Health and Human Services,80057792.26,0.0003260611033899083
513,Department of Homeland Security,126464147.0,0.0008907093607088812
513,Department of State,11792790.7,0.00014258338333837542
513,Department of Transportation,129795580.0,0.003605292409590496
513,Department of the Treasury,27570404.26,0.0006051184253036057
513,Social Security Administration,48916238.57,0.0038505630697163104
514,Department of Defense,103094238.54,2.254323549852387e-05
514,Department of Energy,7803915.0,1.453311084040415e-05
514,Department of Health and Human Services,57181144.0,0.00023288859684246848
514,Department of Homeland Security,571926512.02,0.004028179606460276
514,Department of Justice,65515179.3,0.0020627040217560586
514,Department of the Interior,10479510.57,0.0004277034113755652
52,Consumer Financial Protection Bureau,24655487.84,0.15569378521524704
52,Department of Agriculture,65886522.4,0.0023938804220822924
52,Department of Defense,85118512.0,1.861254992009498e-05
52,Department of Education,14358263276.25,0.5527406905784182
52,Department of Health and Human Services,296521519.0,0.001207679239392401
52,Department of Homeland Security,20463427.630000003,0.0001441275410826893
52,Department of Housing and Urban Development,1497338808.96,0.11775831308688436
52,Department of State,50000000.0,0.0006045362245697087
52,Department of Transportation,78000000.0,0.0021665823131115764
52,Department of Veterans Affairs,42500000.0,0.0001135866772560715
52,Department of the Treasury,15761360.41,0.00034593216341695355
52,General Services Administration,244571637.71,0.00217611384292297
52,Pension Benefit Guaranty Corporation,16249909.0,0.023032041448103144
523,Agency for International Development,76815753.44,0.0016247035893105916
523,Department of Defense,1193169943.64,0.00026090605459781085
523,Department of Education,3095787863.76,0.11917652495824
523,Department of Energy,24384658.0,4.541117343273829e-05
523,Department of Homeland Security,25720617.57,0.0001811548599051739
523,Department of Housing and Urban Development,4594419282.38,0.36132841883842187
523,Department of State,31054900.75,0.00037547624907584027
523,Department of Veterans Affairs,52519139.15,0.00014036410607994726
523,Department of the Interior,316499929.48,0.012917406651246102
523,Federal Communications Commission,9230419.2,0.013376213515444975
523,Pension Benefit Guaranty Corporation,94631849.3,0.13412780806269442
524,Corporation for National and Community Service,45270000.0,0.37757283380318535
524,Department of Agriculture,168259400.0,0.0061134336556107755
524,Department of Defense,203174678707.63,0.044427454863696654
524,Department of Health and Human Services,18096804953.47,0.07370505761384315
524,Department of Homeland Security,529117735.29,0.003726669818441799
524,Department of Justice,940127795.12,0.02959932957031043
524,Department of Labor,137540952.41,0.01924988114146413
524,Department of State,12397685.49,0.00014989699959054516
524,Department of Veterans Affairs,122983253978.41,0.328688451236403
524,Office of Personnel Management,13300656.0,0.0034092730941292404
524,Peace Corps,73588827.23,0.7585865710218328
524,Pension Benefit Guaranty Corporation,126925349.27,0.17989946314170796
524,Securities and Exchange Commission,12475219.0,0.0098127316502062
525,Agency for International Development,30915824.67,0.0006538899777514952
53,Department of Defense,6711000.0,1.4674695266495897e-06
531,Department of Agriculture,497273625.33000004,0.01806763436182469
531,Department of Defense,146184746.38,3.1965677331790925e-05
531,Department of Energy,16144514.0,3.006568003706557e-05
531,Department of Health and Human Services,69226878.88,0.000281948725722359
531,Department of Homeland Security,187695650.76,0.0013219736744539703
531,Department of Housing and Urban Development,3233803314.66,0.2543226829561923
531,Department of Justice,298439636.13,0.009396183361994794
531,Department of Labor,81998806.4,0.011476343949085267
531,Department of Veterans Affairs,324100276.44,0.0008661993764375019
531,Department of the Treasury,159045677.97,0.0034907529572999725
531,Millennium Challenge Corporation,42505264.64,0.6537744684334322
531,Smithsonian Institution,72552959.11,0.04420766944207125
532,Agency for International Development,247597890.73,0.005236857854801543
532,Department of Agriculture,11726555.64,0.00042606546745066465
532,Department of Defense,409345933.18,8.951015985689006e-05
532,Department of Homeland Security,492533656.68,0.003469001680524128
532,Department of Justice,260164061.46,0.00819110107953154
532,Department of Veterans Affairs,19866375.08,5.30954243402358e-05
532,Department of the Interior,9230000.0,0.00037670676131552075
532,Department of the Treasury,98520400.0,0.0021623371476919124
532,General Services Administration,38666279.0,0.0003440391771264708
532,Social Security Administration,6607398.35,0.0005201177526560273
54,Agency for International Development,42111296002.76,0.8906815425516309
54,Consumer Financial Protection Bureau,64359501.65,0.4064155814511532
54,Department of Agriculture,771318277.6,0.028024604375550936
54,Department of Commerce,2228934944.92,0.11288506773746998
54,Department of Defense,520604252999.66,0.11383860478634693
54,Department of Education,1560818119.72,0.06008579650356313
54,Department of Energy,181009531230.35,0.3370912651586125
54,Department of Health and Human Services,67409864500.82,0.27454835036068703
54,Department of Homeland Security,20790226414.86,0.14642924274002217
54,Department of Housing and Urban Development,283524691.21,0.022297818740542173
54,Department of Justice,2926071611.83,0.0921255157378158
54,Department of Labor,745970525.18,0.10440413340998889
54,Department of State,9094121870.63,0.10995452202894952
54,Department of Transportation,7911957221.66,0.21976803305825596
54,Department of Veterans Affairs,4837615649.22,0.012929145586749952
54,Department of the Interior,2132446438.05,0.08703217674503075
54,Department of the Treasury,1003654040.67,0.02202831510602708
54,District of Columbia Courts,27091087.0,0.43603799742430827
54,Environmental Protection Agency,259090393.52,0.08550257316172641
54,Federal Communications Commission,500863856.92,0.7258242282572825
54,General Services Administration,35704072873.56,0.317682491544716
54,Millennium Challenge Corporation,22509915.200000003,0.34622553156656777
54,National Aeronautics and Space Administration,82859836863.93,0.5547663509426142
54,National Science Foundation,369264075.0,0.07561263182279357
54,Office of Personnel Management,161261992.65,0.04133526742194613
54,Peace Corps,23418989.73,0.24141342897816714
54,Pension Benefit Guaranty Corporation,122604328.16,0.1737750019337314
54,Securities and Exchange Commission,70230125.4,0.05524146504446378
54,Small Business Administration,1888510403.8899999,0.5833265922128988
54,Smithsonian Institution,73790605.45,0.04496178699917815
54,Social Security Administration,538880009.36,0.042419276782303006
54,U.S. International Development Finance Corporation,15684981.97,1.0
5411,Department of Agriculture,7659270.0,0.00027828721007806963
5411,Department of Health and Human Services,639592553.33,0.0026049463490257453
5411,Department of Housing and Urban Development,82011836.0,0.006449826453924635
5411,Department of Justice,1089386498.13,0.03429864551923008
5411,Department of Transportation,18400000.0,0.0005110912123237565
5411,Department of Veterans Affairs,26539307.04,7.092968713770037e-05
5411,Department of the Interior,1045452847.98,0.04266838098273383
5411,Department of the Treasury,45385500.0,0.0009961262095623982
5411,Federal Housing Finance Agency,7500000.0,1.0
5411,Securities and Exchange Commission,20800000.0,0.016360820465299162
5411,Small Business Administration,101028304.0,0.03120580970482248
5412,Agency for International Development,9614072.81,0.00020334394838034106
5412,Corporation for National and Community Service,22816973.97,0.19030416436197076
5412,Department of Commerce,16706128.0,0.0008460867802395779
5412,Department of Defense,5155037669.66,0.0011272330038677937
5412,Department of Education,256763194.03,0.009884445106813034
5412,Department of Health and Human Services,413533712.68,0.0016842490260968147
5412,Department of Homeland Security,305957420.63,0.002154912241913794
5412,Department of Housing and Urban Development,283976835.62,0.022333377668604854
5412,Department of Justice,73935231.53999999,0.0023278040459705097
5412,Department of Labor,38097910.8,0.005332086493424496
5412,Department of the Interior,67986853.89,0.0027747678809245304
5412,Department of the Treasury,69083129.03,0.0015162445156572909
5412,Federal Communications Commission,12797028.53,0.01854474669801789
5412,General Services Administration,589587681.09,0.005245947267025816
5412,Pension Benefit Guaranty Corporation,87358272.0,0.12381849901674333
5415,Agency for International Development,475929303.3,0.010066217054468812
5415,Commodity Futures Trading Commission,11174205.46,1.0
5415,Consumer Financial Protection Bureau,33754352.0,0.21315103819774367
5415,Corporation for National and Community Service,51810423.160000004,0.432123001834844
5415,Department of Agriculture,3135082320.85,0.11390815475031249
5415,Department of Commerce,8738117197.26,0.44254452287123613
5415,Department of Defense,93130368199.37,0.020364472856240722
5415,Department of Education,2827298812.22,0.1088406771676203
5415,Department of Energy,2205159352.6,0.004106634335726319
5415,Department of Health and Human Services,38577722609.34,0.1571201808740861
5415,Department of Homeland Security,27943643864.33,0.19681202738254366
5415,Department of Housing and Urban Development,1136469705.15,0.08937773772508155
5415,Department of Justice,8920127093.87,0.2808445649953496
5415,Department of Labor,863637431.3,0.1208724936867288
5415,Department of State,12875951301.92,0.15567957975612284
5415,Department of Transportation,2001533797.74,0.05559599647792984
5415,Department of Veterans Affairs,43058193924.89,0.11507852180178398
5415,Department of the Interior,4875913621.7,0.19900212663974412
5415,Department of the Treasury,9399459905.87,0.20630043445523394
5415,Environmental Protection Agency,245814508.9,0.08112139066944475
5415,Export-Import Bank of the United States,9514484.0,0.315679169887637
5415,Federal Communications Commission,99958812.17,0.1448547877799721
5415,Federal Trade Commission,44691663.519999996,0.729163820221925
5415,General Services Administration,40774265497.35,0.362795311895529
5415,Government Accountability Office,143080007.13,0.6189449727861078
5415,National Aeronautics and Space Administration,1824736903.65,0.012217048352757548
5415,National Archives and Records Administration,262040380.65,0.47930810641317445
5415,National Science Foundation,680830236.53,0.13941070765838337
5415,Nuclear Regulatory Commission,304236200.06,0.9157966579203348
5415,Office of Personnel Management,287640302.03,0.07372902077146325
5415,Pension Benefit Guaranty Corporation,245573856.79,0.3480676259884179
5415,Securities and Exchange Commission,1043180390.8,0.8205426484038182
5415,Small Business Administration,616708908.37,0.19049019013387597
5415,Social Security Administration,6264799185.95,0.4931492095429093
561,Agency for International Development,592110914.16,0.012523534358836168
561,Department of Agriculture,85916229.46,0.0031216274915038447
561,Department of Commerce,580291837.08,0.02938905125318847
561,Department of Defense,135830091974.72,0.029701463384728444
561,Department of Education,3362218382.4,0.1294331267512879
561,Department of Energy,273817182297.7,0.5099255258853567
561,Department of Health and Human Services,18299768264.79,0.07453169096668086
561,Department of Homeland Security,27171171854.91,0.19137137035841495
561,Department of Housing and Urban Development,992393215.84,0.07804683236478419
561,Department of Justice,7752088509.58,0.24406960824298005
561,Department of Labor,23947750.0,0.003351666053113508
561,Department of State,24420675018.38,0.2952636535411049
561,Department of Transportation,336715701.47,0.009352849786562305
561,Department of Veterans Affairs,2682391620.8,0.00716903414838118
561,Department of the Interior,870652221.34,0.03553419052363547
561,Department of the Treasury,1021847824.0,0.022427634369362563
561,Export-Import Bank of the United States,7500000.0,0.2488410064231836
561,Federal Communications Commission,28727498.0,0.041630302880774746
561,General Services Administration,2574856732.5,0.022910184646106065
561,Government Accountability Office,79499927.51,0.3439060526776932
561,National Aeronautics and Space Administration,2690743975.25,0.01801517204193379
561,National Archives and Records Administration,179125062.57,0.3276445192859175
561,National Science Foundation,3799516659.38,0.7780108429726627
561,Office of Personnel Management,2377003583.19,0.609282306137266
561,Securities and Exchange Commission,21073797.48,0.01657618351405548
561,Small Business Administration,93590837.29,0.028908511208767234
561,Smithsonian Institution,102017000.0,0.06216057716728163
561,Social Security Administration,391971833.46,0.030855035268711747
562,Agency for International Development,69658136.0,0.0014733152838536467
562,Department of Agriculture,385415656.22,0.01400345564131728
562,Department of Defense,27692013306.35,0.0060553100370501515
562,Department of Energy,55342320863.82,0.10306315269696135
562,Department of Health and Human Services,125202968.45,0.0005099293508858856
562,Department of Homeland Security,119025583.2,0.000838318239872948
562,Department of State,459340875.96,0.005553763978868025
562,Department of Transportation,61521924.34,0.0017088758095337513
562,Department of the Interior,73124352.88,0.002984446169741936
562,Environmental Protection Agency,2288153226.72,0.7551147922347218
562,General Services Administration,39478742.0,0.00035126819189579224
562,National Aeronautics and Space Administration,35397288.0,0.00023699327732532786
562,Nuclear Regulatory Commission,17888000.0,0.05384556674599609
61,Agency for International Development,983926717.28,0.020810695691894053
61,Consumer Financial Protection Bureau,10213206.12,0.06449406843317713
61,Department of Defense,12252512568.31,0.0026792115659195386
61,Department of Education,157342954.0,0.006057129011937336
61,Department of Energy,3438894549.2,0.006404200411201975
61,Department of Health and Human Services,404106041.92,0.0016458518052439202
61,Department of Homeland Security,701710758.64,0.004942273016167803
61,Department of Justice,28230720.98,0.0008888264112942623
61,Department of Labor,4129297335.45,0.5779259305128802
61,Department of State,477768563.61,0.005776568073257642
61,Department of Veterans Affairs,85962631.99,0.00022974611143366063
61,Department of the Interior,379485850.98,0.015488069977003267
61,Department of the Treasury,13104288.0,0.00028761443047788435
61,General Services Administration,509532433.46,0.004533643362135431
61,National Aeronautics and Space Administration,56582850.7,0.0003788356675178822
61,Office of Personnel Management,920975696.76,0.23606787990838934
621,Agency for International Development,130979935.93,0.002770311589788168
621,Department of Defense,11831686024.07,0.0025871909833420606
621,Department of Health and Human Services,7874375364.29,0.03207092585626478
621,Department of Homeland Security,2776035856.05,0.019552111656177363
621,Department of Justice,7232250.0,0.00022770282125054422
621,Department of Labor,9834345.0,0.0013763898608890842
621,Department of State,10562727.59,0.00012771102916833794
621,Department of Veterans Affairs,59431101241.46,0.15883720742792062
621,Department of the Interior,862201805.0,0.0351893011443062
621,General Services Administration,100172983.16,0.0008913045575621646
622,Department of Defense,320873761.72,7.016427763753861e-05
622,Department of Health and Human Services,174164106.69,0.0007093393309402148
622,Department of Justice,229530728.32999998,0.007226629942885438
622,Department of State,590926009.72,0.0071447235783234355
623,Department of Defense,37088322.07,8.109966090342785e-06
623,Department of Justice,155518907.14000002,0.004896414520181051
623,Department of Veterans Affairs,98579056.99,0.0002634651183654355
624,Agency for International Development,188679407.82999998,0.003990693281031729
624,Department of Defense,1003807564.49,0.0002194988841468362
624,Department of Health and Human Services,9814046303.52,0.03997085950175791
624,Department of Homeland Security,247199865.03,0.001741072382737797
624,Department of Labor,345659977.26,0.04837768941559559
624,Department of Veterans Affairs,136509441.3,0.0003648389141494056
624,Department of the Interior,2655459560.55,0.10837806834876777
624,Department of the Treasury,14794670.51,0.0003247151415507352
624,General Services Administration,3641544937.55,0.03240120736168504
624,Social Security Administration,7652901.0,0.0006024170874182369
71,Department of Homeland Security,19829723.0,0.00013966424726182826
71,Smithsonian Institution,48026616.0,0.029263379338261293
711,Department of Defense,178650359.54,3.90648127775209e-05
713,Department of Defense,6975598.32,1.525328261771431e-06
713,Department of Health and Human Services,13359981.739999998,5.441282184332654e-05
713,Department of State,33493649.0,0.0004049624822704599
721,Department of Commerce,13951251.59,0.0007065652518701756
721,Department of Defense,171127396.46,3.7419794289961686e-05
721,Department of State,221432327.15,0.002677277261058912
722,Department of Agriculture,50105837.510000005,0.0018205147134495836
722,Department of Defense,7846778128.93,0.0017158259255826644
722,Department of Homeland Security,113055290.89,0.0007962684149001416
81,Agency for International Development,92394753.18,0.001954209656255794
81,Department of Agriculture,44941184.87,0.0016328653977565816
81,Department of Commerce,17561317.0,0.0008893980793931762
81,Department of Defense,18199850941.01,0.00397969403151498
81,Department of Health and Human Services,799413114.08,0.003255866976630607
81,Department of Homeland Security,4985822388.55,0.03511602914866771
81,Department of State,20689950.0,0.00025015648519072085
81,Department of Transportation,258275909.24,0.007174051498233267
81,Department of Veterans Affairs,209418755.91,0.000559698367974522
81,Department of the Interior,22214430.0,0.0009066442014919115
81,Export-Import Bank of the United States,13125243.0,0.4354798236891794
81,General Services Administration,153882604.81,0.0013691941945825792
